Item_Name,Price,Date_added
WDIRARA Women's Cartoon Cow Print Short Sleeve Tee and Shorts Pajama Set,18.99,2022-09-20
WDIRARA Women's Cartoon Cow Print Short Sleeve Tee and Shorts Pajama Set,18.99,2022-09-20
WDIRARA Women's Cartoon Cow Print Short Sleeve Tee and Shorts Pajama Set,18.99,2022-09-20
WDIRARA Women's Cartoon Cow Print Short Sleeve Tee and Shorts Pajama Set,18.99,2022-09-20
WDIRARA Women's Cartoon Cow Print Short Sleeve Tee and Shorts Pajama Set,18.99,2022-09-20
WDIRARA Women's Cartoon Cow Print Short Sleeve Tee and Shorts Pajama Set,18.99,2022-09-20
WDIRARA Women's Cartoon Cow Print Short Sleeve Tee and Shorts Pajama Set,18.99,2022-09-20
WDIRARA Women's Cartoon Cow Print Short Sleeve Tee and Shorts Pajama Set,18.99,2022-09-20
WDIRARA Women's Cartoon Cow Print Short Sleeve Tee and Shorts Pajama Set,18.99,2022-09-20
WDIRARA Women's Cartoon Cow Print Short Sleeve Tee and Shorts Pajama Set,18.99,2022-09-20
WDIRARA Women's Cartoon Cow Print Short Sleeve Tee and Shorts Pajama Set,18.99,2022-09-20
WDIRARA Women's Cartoon Cow Print Short Sleeve Tee and Shorts Pajama Set,18.99,2022-09-20
WDIRARA Women's Cartoon Cow Print Short Sleeve Tee and Shorts Pajama Set,18.99,2022-09-20
WDIRARA Women's Cartoon Cow Print Short Sleeve Tee and Shorts Pajama Set,18.99,2022-09-20
WDIRARA Women's Cartoon Cow Print Short Sleeve Tee and Shorts Pajama Set,18.99,2022-09-20
WDIRARA Women's Cartoon Cow Print Short Sleeve Tee and Shorts Pajama Set,18.99,2022-09-20
WDIRARA Women's Cartoon Cow Print Short Sleeve Tee and Shorts Pajama Set,18.99,2022-09-20
WDIRARA Women's Cartoon Cow Print Short Sleeve Tee and Shorts Pajama Set,18.99,2022-09-20
WDIRARA Women's Cartoon Cow Print Short Sleeve Tee and Shorts Pajama Set,18.99,2022-09-20
WDIRARA Women's Cartoon Cow Print Short Sleeve Tee and Shorts Pajama Set,18.99,2022-09-20
WDIRARA Women's Cartoon Cow Print Short Sleeve Tee and Shorts Pajama Set,18.99,2022-09-20
WDIRARA Women's Cartoon Cow Print Short Sleeve Tee and Shorts Pajama Set,18.99,2022-09-20
WDIRARA Women's Cartoon Cow Print Short Sleeve Tee and Shorts Pajama Set,18.99,2022-09-20
WDIRARA Women's Cartoon Cow Print Short Sleeve Tee and Shorts Pajama Set,18.99,2022-09-20
WDIRARA Women's Cartoon Cow Print Short Sleeve Tee and Shorts Pajama Set,18.99,2022-09-20
WDIRARA Women's Cartoon Cow Print Short Sleeve Tee and Shorts Pajama Set,18.99,2022-09-20
WDIRARA Women's Cartoon Cow Print Short Sleeve Tee and Shorts Pajama Set,18.99,2022-09-20
WDIRARA Women's Cartoon Cow Print Short Sleeve Tee and Shorts Pajama Set,18.99,2022-09-20
WDIRARA Women's Cartoon Cow Print Short Sleeve Tee and Shorts Pajama Set,18.99,2022-09-20
WDIRARA Women's Cartoon Cow Print Short Sleeve Tee and Shorts Pajama Set,18.99,2022-09-20
